CustomerID,CustomerName,CustomerCity,CustomerCountry,CustomerCompany,CustomerPhone,CustomerEmail
64DCcDFaB9DFd4e,Jack,West Samuel,Zimbabwe,"Acosta, Petersen and Morrow",965-108-4406x20714,gfigueroa@boone-zavala.com
7Ce381e4Afa4ba9,Gabriel,Port Annatown,Liechtenstein,Adkins-Salinas,4077245425,coleolson@jennings.net
17aD8e2dB3df03D,Sherry,West John,Poland,Anderson Ltd,001-067-713-6440x158,ann48@miller.com
8C2811a503C7c5a,Michelle,Elaineberg,Timor-Leste,Beck-Hendrix,739.218.2516x459,mdyer@escobar.net
D6CEAfb3BDbaa1A,Leslie,Coreybury,Micronesia,Blankenship-Arias,629.198.6346,corey75@wiggins.com
283DFCD0Dba40aF,Gloria,North Kerriton,Ghana,"Brennan, Acosta and Ramos",445-603-6729,bartlettjenna@zuniga-moss.biz
a940cE42e035F28,Lynn,East Pennyshire,Portugal,"Brennan, Camacho and Tapia",846.468.6834x611,mpham@rios-guzman.com
C2dE4dEEc489ae0,Sheryl,Robersonstad,Cyprus,Browning-Simon,854-138-4911x5772,mariokhan@ryan-pope.org
c09952De6Cda8aA,Stacie,New Deborah,Madagascar,Byrd Inc,001-622-948-3641x24810,clinton85@colon-arias.org
5ef6d3eefdD43bE,Nina,Cassidychester,Bhutan,Byrd-Campbell,053-344-3205,elliserica@frank.com
aEcbe5365BbC67D,Eddie,West Kristine,Ethiopia,Caldwell Group,+1-235-657-1073x6306,kristiwhitney@bernard.com
cb8E23e48d22Eae,Karl,East Richard,Guyana,Carey LLC,(188)169-1674x58692,hhart@jensen.com
A08A8aF8BE9FaD4,Kristine,Jodyberg,Sri Lanka,Carpenter-Cook,786-284-3358x62152,holdenmiranda@clarke.com
6fEaA1b7cab7B6C,Faith,Burchbury,Singapore,Carter-Hancock,(781)861-7180x8306,cassieparrish@blevins-chapman.net
efeb73245CDf1fF,Vernon,Thomasfurt,Yemen,Carter-Strickland,114-854-1159x555,hilljesse@barrett.info
d40e89dCade7b2F,Debra,Colinhaven,United States Virgin Islands,"Chang, Aguirre and Leblanc",+1-768-182-6014x14336,shieldskerry@robles.com
faCEF517ae7D8eB,Patricia,Cowanfort,Swaziland,"Christian, Winters and Ellis",322.549.7139x70040,vaughanchristy@lara.biz
fF1b6c9E8Fbf1ff,Fernando,Lake Nancy,Lithuania,Church-Banks,497.829.9038,fisherlinda@schaefer.net
Ebdb6F6F7c90b69,Kathleen,Lake Janiceton,Saint Vincent and the Grenadines,"Coffey, Lamb and Johnson",(733)910-9968,chloelester@higgins-wilkinson.com
A7F85c1DE4dB87f,Alejandro,Thomasland,Iceland,"Combs, Waller and Durham",(690)068-4641x51468,elizabethbarr@ewing.com
Ef859092FbEcC07,Richard,New Jasmineshire,Morocco,Conway-Mcbride,581-440-6539,aharper@maddox-townsend.org
c8FE57cBBdCDcb2,Phyllis,Lake Whitney,Saint Barthelemy,Costa PLC,4500370767,yhanson@warner-diaz.org
D3fC11A9C235Dc6,Luis,North Drew,Bulgaria,Cross PLC,001-336-025-6849x701,bstuart@williamson-mcclure.com
37Ec4B395641c1E,Lori,North Joeburgh,Namibia,Decker-Mcknight,679.415.1210,tyrone77@valenzuela.info
5Cef8BFA16c5e3c,Linda,Bensonview,Dominican Republic,"Dominguez, Mcmillan and Donovan",001-808-617-6467x12895,stanleyblackwell@benson.org
a014Ec1b9FccC1E,Tom,South Sophiaberg,Kiribati,Donaldson-Dougherty,(585)606-2980x2258,nicholsonnina@montgomery.info
c23d1D9EE8DEB0A,Yvonne,Lake Elijahview,Aruba,Fitzgerald-Harrell,(530)311-9786,mccarthystephen@horn-green.biz
E8E7e8Cfe516ef0,Hunter,East Clinton,Isle of Man,Fitzpatrick-Lawrence,(733)833-6754,isaac26@benton-finley.com
78C06E9b6B3DF20,Chad,South Joshuashire,Oman,Garcia-Jimenez,8275702958,justinwalters@jimenez.com
09D7D7C8Fe09aea,Marcus,Kaitlyntown,Panama,Giles Ltd,674-677-8623,donnamullins@norris-barrett.org
7a1Ee69F4fF4B4D,Jordan,South Walter,Solomon Islands,Glover and Sons,7208417020,tiffanydavies@harris-mcfarland.org
e35426EbDEceaFF,Tracey,South Joannamouth,Togo,Graham-Francis,001-949-844-8787,alex56@walls.org
2FB0FAA1d429421,Colleen,Brittanyview,Paraguay,Greer and Sons,1935085151,rsingleton@ryan-cherry.com
D01Af0AF7cBbFeA,Regina,Raystad,Solomon Islands,Guzman-Brown,001-469-848-0724x4407,zrosario@rojas-hardin.net
2A13F74EAa7DA6c,Makayla,Georgeport,New Caledonia,Henderson Inc,001-215-801-6392x46009,scottcurtis@hurley.biz
A09AEc6E3bF70eE,Kaitlyn,New Kaitlyn,United States of America,Herrera Group,6303643286,georgeross@miles.org
30Dfa48fe5Ede78,Rhonda,Lake Lindaburgh,Monaco,"Herrera, Shepherd and Underwood",(127)081-9339,zkrueger@wolf-chavez.net
b92EBfdF8a3f0E6,Frederick,South Marissatown,Switzerland,"Hinton, Chaney and Stokes",+1-077-121-1558x0687,jacobkhan@bright.biz
80F33Fd2AcebF05,Latoya,Port Sergiofort,Belarus,"Hobbs, Garrett and Sanford",(530)287-4548x29481,bobhammond@barry.biz
CEDec94deE6d69B,Jenna,East Andrea,Vietnam,"Hoffman, Reed and Mcclain",(041)737-3846,mark42@robbins.com
dca4f1D0A0fc5c9,Bruce,Poolefurt,Montenegro,Huerta-Mclean,559-529-4424,preese@frye-vega.com
F560f2d3cDFb618,Candice,East Summerstad,Zimbabwe,Huynh and Sons,001-927-965-8550x92406,buckleycory@odonnell.net
889eCf90f68c5Da,Nicholas,South Hunter,Uruguay,Jordan Ltd,(661)425-6042,fwolfe@dorsey.com
6e5ad5a5e2bB5Ca,Bryan,North Jimstad,Burkina Faso,Kaufman and Sons,001-710-802-5565,woodwardandres@phelps.com
CBCd2Ac8E3eBDF9,Alexandria,Nicolasfort,Iran,Keller-Coffey,078-900-4760x76668,lee48@manning.com
636cBF0835E10ff,Eileen,Helenborough,Liberia,"Knight, Abbott and Hubbard",+1-158-951-4131x53578,levigiles@vincent.com
aAb6AFc7AfD0fF3,Collin,South Lonnie,Anguilla,Lamb-Peterson,404-645-5351x012,dudleyemily@gonzales.biz
2354a0E336A91A1,Clarence,Judymouth,Honduras,"Le, Nash and Cross",(753)813-6941,colleen91@faulkner.biz
54B5B5Fe9F1B6C5,Sherry,Frankchester,Solomon Islands,"Lee, Lucero and Johnson",158-687-1764,alan79@gates-mclaughlin.com
EA4d384DfDbBf77,Darren,Lake Ana,Pitcairn Islands,"Lester, Woodard and Mitchell",(496)452-6181x3291,tgates@cantrell.com
FBd0Ded4F02a742,Kiara,South Alvin,Netherlands,"Manning, Hester and Arroyo",001-274-040-3582x10611,blanchardbob@wallace-shannon.com
053d585Ab6b3159,Joanna,West Priscilla,Slovakia (Slovak Republic),"Martin, Lang and Andrade",001-234-203-0635x76146,colinalvarado@miles.net
BF6a1f9bd1bf8DE,Brittany,West Reginald,Kyrgyz Republic,Mason-Hester,(050)136-9025,mchandler@cochran-huerta.org
e898eEB1B9FE22b,Samuel,South Jasmine,Algeria,"May, Goodwin and Martin",802-242-7457,xpittman@ritter-carney.net
0F60FF3DdCd7aB0,Joanna,Jamesshire,French Polynesia,Mays-Mccormick,(266)131-7001x711,tuckerangie@salazar.net
03A1E62ADdeb31c,Corey,New Glenda,Fiji,"Mcdonald, Bird and Ramirez",001-439-242-4986x7918,maurice46@morgan.com
679c6c83DD872d6,Tom,Cunninghamborough,Denmark,Mcgee Group,416-338-3758,tapiagreg@beard.info
FfaeFFbbbf280db,Cassidy,Lake Sherryborough,Myanmar,"Mcguire, Huynh and Hopkins",5040771311,katrinalane@fitzgerald.com
2f79Cd309624Abb,Natalie,West Darius,Dominican Republic,Monroe PLC,830.996.8238,tcummings@fitzpatrick-ashley.com
C6F2Fc6a7948a4e,Ralph,Lake Ellenchester,Palestinian Territory,Montes PLC,2239271999,goodmancesar@figueroa.biz
ebe77E5Bf9476CE,Duane,Lyonsberg,Maldives,Montoya-Miller,(636)544-7783x7288,kmercer@wagner.com
8c7DdF10798bCC3,Kathy,Selenabury,South Georgia and the South Sandwich Islands,"Moore, Mccoy and Glass",001-171-716-2175x310,ncamacho@boone-simmons.org
6F94879bDAfE5a6,Roy,Isabelborough,Antigua and Barbuda,Murillo-Perry,-1199,beckycarr@hogan.com
BE91A0bdcA49Bbc,Darrell,Daisyborough,Mali,"Newton, Petersen and Mathis",001-084-845-9524x1777,grayjean@lowery-good.com
f3BEf3Be028166f,Robin,Wallstown,Ecuador,"Nixon, Blackwell and Sosa",698.303.4267,greenemiranda@zimmerman.com
B5acdFC982124F2,Danny,East Jaredbury,United Arab Emirates,Novak LLC,(669)384-8597x8794,howelldarren@house-cohen.com
216E205d6eBb815,Carl,Shannonville,Guernsey,"Oconnell, Meza and Everett",637-854-0256x825,kirksalas@webb.com
F4Fc91fEAEad286,Brady,North Eileenville,United Arab Emirates,Osborne-Erickson,741.849.0139x524,mccalltyrone@durham-rose.biz
E11dfb2DB8C9f72,Tammie,East Teresa,Belize,"Palmer, Barnes and Houston",001-276-734-4113x6087,harrisisaiah@jenkins.com
A3F76Be153Df4a3,Anita,Skinnerport,Russian Federation,Parrish Ltd,874.617.5668x69878,angie04@oconnell.com
9F9AdB7B8A6f7F2,Maxwell,East Carly,Malta,Patterson Inc,423.262.3059,fgibson@drake-webb.com
7E441b6B228DBcA,Wayne,East Rebekahborough,Bolivia,Perkins-Trevino,(344)156-8632x1869,barbarapittman@holder.com
C681dDd0cc422f7,Kelli,Huangfort,Sao Tome and Principe,Petty Ltd,020.324.2191x2022,kristopher62@oliver.com
Aa20BDe68eAb0e9,Gerald,New Alberttown,Canada,"Phelps, Forbes and Koch",+1-323-239-1456x96168,uwarner@steele-arias.com
fD780ED8dbEae7B,Joanne,Gwendolynview,Palau,"Price, Sexton and Mcdaniel",(897)726-7952,juan80@henson.net
9Cf5E6AFE0aeBfd,Shelley,Port Jasminborough,Togo,"Prince, Malone and Pugh",423.098.0315x8373,zachary96@mitchell-bryant.org
DD37Cf93aecA6Dc,Sheryl,East Leonard,Chile,Rasmussen Group,229.077.5154,zunigavanessa@smith.info
98b3aeDcC3B9FF3,Shane,South Dannymouth,Hungary,Rocha-Hart,-1692,nsteele@sparks.com
CbAE1d1e9a8dCb1,Laurie,Port Katherineville,Dominica,"Sanchez, Marsh and Hale",007.155.3406x553,cookejill@powell.com
0e04AFde9f225dE,Brett,Kimport,Bulgaria,"Sanford, Davenport and Giles",001-583-352-7197x297,asnow@colon.com
3B5dAAFA41AFa22,Stefanie,Acevedoville,Saint Vincent and the Grenadines,Santana-Duran,(752)776-3286,wterrell@clark.com
EDA69ca7a6e96a2,Kent,North Harold,Tanzania,Sawyer PLC,+1-472-143-5037x884,qjimenez@boyd.com
28CDbC0dFe4b1Db,Fred,Ortegaland,Solomon Islands,Schmitt-Jones,+1-753-067-8419x7170,swagner@kane.org
300A40d3ce24bBA,Geoffrey,Zimmermanland,Uzbekistan,Short-Wiggins,975.235.8921x269,bauercrystal@gay.com
aBdfcF2c50b0bfD,Dakota,Michealshire,Belarus,Simmons Group,(371)987-8576x4720,stacey67@fields.org
F160f5Db3EfE973,Clifford,Harmonview,South Georgia and the South Sandwich Islands,Simon LLC,001-151-330-3524x0469,joseph26@jacobson.com
FCBdfCEAe20A8Dc,Chloe,South Julia,Netherlands,Simon LLC,981-544-9452,leah85@sutton-terrell.com
8cad0b4CBceaeec,Miranda,Desireeshire,Oman,Singleton and Sons,540.085.3135x185,vduncan@parks-hardy.com
2d08FB17EE273F4,Aimee,Chavezborough,Bosnia and Herzegovina,Steele Group,(283)437-3886x88321,louis27@gilbert.com
C6763c99d0bd16D,Emma,North Jillianview,New Zealand,Stephens Inc,128-059-0206x60217,walter83@juarez.org
eC1927Ca84E033e,Shane,Bryanville,Albania,Tucker LLC,(429)005-9030x11004,mariah88@santos.com
F8Aa9d6DfcBeeF8,Greg,Lake Leslie,Mozambique,Valentine LLC,(701)087-2415,jaredjuarez@carroll.org
E4Bbcd8AD81fC5f,Alison,East Cristinabury,Benin,"Vaughn, Watts and Leach",365-273-8144,vcantu@norton.com
1Ef7b82A4CAAD10,Preston,East Jimmychester,Djibouti,Vega-Gentry,5153435776,vmata@colon.com
CC68FD1D3Bbbf22,Riley,Erikaville,Canada,Wade PLC,6977745822,alex06@galloway.com
CeD220bdAaCfaDf,Lynn,New Bradview,Sri Lanka,"Ware, Burns and Oneal",-3769,vkemp@ferrell.com
421a109cABDf5fa,Virginia,Hartbury,French Southern Territories,Warren Ltd,027.846.3705x14184,zvalencia@phelps.com
aA9BAFfBc3710fe,Faith,West Marthaburgh,Bahamas,"Waters, Chase and Aguilar",+1-586-217-0359x6317,willistonya@randolph-baker.com
010468dAA11382c,Janet,Veronicamouth,Lao People's Democratic Republic,Watts-Donaldson,354.259.5062x7538,stefanie71@spence.com
a5DC21AE3a21eaA,Caroline,West Adriennestad,Western Sahara,Winters-Mendoza,936.222.4746x9924,holtgwendolyn@watson-davenport.com
